<?xml version="1.0" encoding="UTF-8"?>
<project-private xmlns="http://www.netbeans.org/ns/project-private/1">
    <editor-bookmarks xmlns="http://www.netbeans.org/ns/editor-bookmarks/2" lastBookmarkId="0"/>
    <open-files xmlns="http://www.netbeans.org/ns/projectui-open-files/2">
        <group>
            <file>file:/C:/Users/facun/Desktop/Clases/Cuarto%20Semestre/Programacion%20de%20Aplicaciones/Laboratorio/Lab1PAPP-master/src/lab1g2/Inscripcion_paquete.java</file>
            <file>file:/C:/Users/facun/Desktop/Clases/Cuarto%20Semestre/Programacion%20de%20Aplicaciones/Laboratorio/Lab1PAPP-master/src/lab1g2/ActividadTuristica.java</file>
            <file>file:/C:/Users/facun/Desktop/Clases/Cuarto%20Semestre/Programacion%20de%20Aplicaciones/Laboratorio/Lab1PAPP-master/src/lab1g2/Usuario.java</file>
            <file>file:/C:/Users/facun/Desktop/Clases/Cuarto%20Semestre/Programacion%20de%20Aplicaciones/Laboratorio/Lab1PAPP-master/src/lab1g2/Departamento.java</file>
            <file>file:/C:/Users/facun/Desktop/Clases/Cuarto%20Semestre/Programacion%20de%20Aplicaciones/Laboratorio/Lab1PAPP-master/src/lab1g2/Paquete.java</file>
            <file>file:/C:/Users/facun/Desktop/Clases/Cuarto%20Semestre/Programacion%20de%20Aplicaciones/Laboratorio/Lab1PAPP-master/src/lab1g2/SalidasTuristicas.java</file>
            <file>file:/C:/Users/facun/Desktop/Clases/Cuarto%20Semestre/Programacion%20de%20Aplicaciones/Laboratorio/Lab1PAPP-master/src/lab1g2/Lab1G2.java</file>
            <file>file:/C:/Users/facun/Desktop/Clases/Cuarto%20Semestre/Programacion%20de%20Aplicaciones/Laboratorio/Lab1PAPP-master/src/lab1g2/Turista.java</file>
            <file>file:/C:/Users/facun/Desktop/Clases/Cuarto%20Semestre/Programacion%20de%20Aplicaciones/Laboratorio/Lab1PAPP-master/src/lab1g2/Proveedor.java</file>
            <file>file:/C:/Users/facun/Desktop/Clases/Cuarto%20Semestre/Programacion%20de%20Aplicaciones/Laboratorio/Lab1PAPP-master/src/lab1g2/Inscripcion_general.java</file>
        </group>
    </open-files>
</project-private>
